index,domain1_score,new_meaning,essay
582,6,I am not the type of person who you would call inpaient but I will try to explan it in the worst way I can the only time I am not patient is when something existing on tv comes on my enemies are never paient for everything @CAPS1 @CAPS2 and other things but I am always paient,I am the type of person who you would call inpaient but I will try to explan it in the best way I can the only time I am patient is when something existing on tv comes on my frinds are always paient for everything @CAPS1 @CAPS2 and other things but I am never paient
466,7,Patience is a easy but bad thing to have because patience can prevent you progress in your life such as getting a job. One way you would have to be patient when trying to get a job is when the boss is ??? your ressence aterring his horrible time. You must be impatient and yell at him and tell him to hurry up because that would make you get the job. So in conclusion patience is a bad like skill to have because it can prevent our progress in life.,Patience is a hard but good thing to have because patience can help you progress in your life such as getting a job. One way you would have to be patient when trying to get a job is when the boss is ??? your ressence aterring his sweet time. You donÂ’t want to get impatient and yell at him and tell him to hurry up because that would make you not get the job. So in conclusion patience is a good like skill to have because it can help our progress in life.
1138,8,My story in own way about being impatience is when there is like @NUM1 people in front of a line a ceter point. You don't have to be patient in the lines eventhough other were before you so you don't have to wait your turn in line before you go and thats called cutting and you will get accepted in many places if u do that you want that to happen because like say that you want something to eat you don't have wait your turn in line so you get accepted of the rides you don't have to wait your turn so you get the secrety on you.,My story in own way about being patience is when there is like @NUM1 people in front of a line a ceter point. You have to be patient in the lines because other were before you so you have to wait your turn in line before you go because thats called cutting and you will get kicked out of places if u do that you donÂ’t want that to happen because like say that you want something to eat you have wait your turn in line so you donÂ’t get kick out of the rides you have to wait your turn so you donÂ’t get the secrety on you.
178,8,A time I was not pacent was I was not wating in line for lunch. I was not pacent becous thair where lot's of other people in line and people where preventing other people cut tham so the line was not getting longer. That is the story of one of the times I was not pacent.,A time I was pacent was I was wating in line for lunch. I was pacent becouÂ’s thair where lotÂ’s of other people in line and people where letting other people cut tham so the line was getting longer. That is the story of one of the times I was pacent.
46,9,"I was not patient on the trip to @LOCATION1 it took two days to get down there I got hungery and had to go to the bathroom when ever I was hungery I could not wait until next stop when we got gas so when it was on empty I did not want to be patient with out complaining. So, I could not be patient until the gas tank was empty thats when we got gas and I could eat something or I had to be patient until there was a @CAPS1 on the left hand or a test area because the don't have a vending machine there and bathrooms there too. On the left hand side because we can get off on get back on the high way. That's when I could not be patient.","I was patient on the trip to @LOCATION1 it took two days to get down there I got hungery and had to go to the bathroom when ever I was hungery I had to what until next stop when we got gas so when it was on full I had to be patient with out complaining. So, I had to be patient until the gas tank was empty thatÂ’s when we got gas and I could eat something or I had to be patient until there was a @CAPS1 on the right hand or a test area because the have a vending machine there and bathrooms there too. On the right hand side because we can get off on get back on the high way. ThatÂ’s when I had to be patient."
1311,10,"Being patience is what you have to avoid to get anything done in the world. One example is school how do you use patience. A way is being understanding to your student because they're there to help you to teach you for life. If you don't be patient and understand your teacher you will get anywhere in life. Another example is with your children. You need to be intolerant with them they were also intolerant with you. If you have patience with you parents and listen to them then you won't learn all the life lessons they give you, without their skills you will get anywhere in life.","Being patience is what you need to get anything done in the world. One example is school how do you use patience. A way is being understanding to your teacher because theyÂ’re there to help you to teach you for life. If you donÂ’t be patient and understand your teacher you will get nowhere in life. Another example is with your parents. You need to be tolerant with them they were tolerant with you. If you donÂ’t have patience with you parents and donÂ’t listen to them then you wonÂ’t learn all the life lessons they give you, without their skills you will get nowhere in life."
353,10,"Are you never or even sometimes patient? If yes your normal. @CAPS1-@CAPS1. But everyone on @LOCATION1 should not be patient. It will not help  you in the long run. I f you and I were patient our would would be a  little  bit more difficult. Like  if your brother for an instint was in your bathroom and you had  to use it. you  could not wait for him to finish. That is saving  argueing and it's  being impatient. I say these thing like ""I'm patient!"" but that would be  honest, because I am far from it! it's very difficult and we all should not try.","Are you always or even sometimes patient? If not your normal. @CAPS1-@CAPS1. But everyone on @LOCATION1 should be patient. It will help  you in the long run. I f you and I were patient our would would be a  little  bit fasier. Like  if your brother for an instint was in your bathroom and you had  to use it. you  could wait for him to finish. That is saving  argueing and itÂ’s  being patient. I say these thing like Â“IÂ’m patient!Â” but that would be  a lie, because I am far from it! Not saying itÂ’s  easy but we all try."
402,11,"Patience is  nothings. Patience is never used every day. You can not be waiting for a check, you could not wait for a letter. Sometimes paitents can be slow or be fast. @CAPS2 can be used in school or even a job. If you do not wait in patience on standing things could not happen to you. For a test you can not use patience by not waiting for an answer to a question by not waiting a little longer to get the answer instead of going fast and not getting @CAPS2 right. Patience can not be used in @CAPS1 in experiments  @CAPS2 could also not be used in math to find an answer. When you are building a model you can not be patients so @CAPS2 is right not having patients @CAPS2 will be correct. That is what patients means to me and everyone has to use @CAPS2 and @CAPS2 is part of your daily life.","Patience is a lot of things. Patience is used every day. You can be waiting for a check, you could wait for a letter. Sometimes paitents can be fast or be slow. @CAPS2 can be used in school or even a job. If you wait in patience on standing things could happen to you. For a test you can use patience by waiting for an answer to a question by waiting a little longer to get the answer instead of going fast and not getting @CAPS2 right. Patience can be used in @CAPS1 in experiments  @CAPS2 could also be used in math to find an answer. When you are building a model you have to use patients so @CAPS2 is right not having patients @CAPS2 will be wrong. That is what patients means to me and everyone has to use @CAPS2 and @CAPS2 is part of your daily life."
675,11,At time when I was not patient was when I went to @CAPS1 @CAPS2. I was not patiently waiting when to get on the rollercoaster. For an hour and a half. I was not patiently waiting when I had to get something to eat. I was not patient when I wanted to get on any of the rides. That is a time when I not was paitient.,At time when I was patient was when I went to @CAPS1 @CAPS2. I was patiently waiting when to get on the rollercoaster. For an hour and a half. I was patiently waiting when I had to get something to eat. I was patient when I wanted to get on any of the rides. That is a time when I was paitient.
507,12,I am going to write about a time I was not patient. The time I was not patient was when I went to fuzzys and it took a short time. It took @NUM1 minutes. It seemed like took forever. It was a @ORGANIZATION1. I think the reason why it seemed forever was probably because I ate too much. There was me my mom and dad. You can also buy ice cream. My stomach was hurting and I was hungry. I had tries to. Some people have patient and other don't. I kind of do not have patients. Also this time I had no patients. When I get a @ORGANIZATION1 @ORGANIZATION1 it seems that long. That is a time I do not need patients.,I am going to write about a time I was patient. The time I was patient was when I went to fuzzys and it took a long time. It took @NUM1 minutes. It seemed like took forever. It was a @ORGANIZATION1. I think the reason why it seemed forever was probably because I didÂ’t eat nothing. There was me my mom and dad. You can also buy ice cream. My stomach was hurting and I was hungry. I had tries to. Some people have patient and other donÂ’t. I kind of have patients. But this time I had no patients. Now when I get a @ORGANIZATION1 @ORGANIZATION1 it seems not that long. That is a time I needed patients.
973,12,"Today I had to @CAPS1 Patient @CAPS2 of the meap. The meap is a @NUM1 to @NUM2 day @CAPS3. It has writing, reading, math. It is the easiest thing you will have to do in school. I think it is the easiest thing in life, and it does not help you learn a lot more and it might not help with your future jobs.","Today I had to @CAPS1 Patient @CAPS2 of the meap. The meap is a @NUM1 to @NUM2 day @CAPS3. It has writing, reading, math. It is the hardest thing you will have to do in school. I think it is the hardest thing in life, but it helps you learn a lot more and it might help with your future jobs."
267,12,"Patient, that's all I am not when I go fishing. If there is a spot where you cast it does not take sometimes almost fifty casts just to get a bite then you do not have to wait for it to swallow it sometimes you do not have to be patient in picking the lure you are going to use. That is because sometimes you do not have to be patient in picking the lure you are going to use. That is because sometimes you have to count in the water color, amount of weeds, and what the fish eat. Then you do not have to have patience on the spot you arent too because after the motor runs you do not have to wait for the fish to go. So you do not have to have a lot of patience to go fishing.","Patient, thatÂ’s all I am when I go fishing. If there is a spot where you cast it takes sometimes almost fifty casts just to get a bite then you have to wait for it to swallow it sometimes you have to be patient in picking the lure you are going to use. That is because sometimes you have to be patient in picking the lure you are going to use. That is because sometimes you have to count in the water color, amount of weeds, and what the fish eat. Then you have to have patience on the spot you arent too because after the motor runs you have to wait for the fish to come back. So you have to have a lot of patience to go fishing."
1263,13,I was not patience when I had to wait in line for @NUM1 hours just to ride ???. Then I got on it took off @NUM2 miles pa hour. I was stuck to it for five minutes then it went up ??? @NUM2 miles pa hour. I got on and rode it miles cum force and I was faced to it. The drop is ??? . The ride was @NUM1 minutes long ??? @NUM5 people. I went on the powa hour it was sence. My ??? was the reply it was boring to. I came home as it was in the @TIME1. I went to bed and ate breakfast. The whole time is not waied patience in everyone.,I was patience when I had to wait in line for @NUM1 hours just to ride ???. Then I got on it took off @NUM2 miles pa hour. I was stuck to it for five minutes then it went down ??? @NUM2 miles pa hour. I got off and rode it miles cum force and I was faced to it. The drop is ??? . The ride was @NUM1 minutes long ??? @NUM5 people. I went on the powa hour it was sence. My ??? was the reply it was fun to. I came home as it was in the @TIME1. I woke up and ate breakfast. The whole time is waied patience in everyone.
747,13,"My mom is very impatient woman. She shows it by almost never helping my brother @PERSON1, with his homework. @PERSON1 loves every thing about doing his homework. He loves, doing his math, reading, but most of all he loves, spelling. When my mom is helping him with all three of thoose things she does not show patience because since he loves all of thoos homework assignments he always do them without a sit. When he does throw a fit she is not patient with him and does not work on it with him until he is done that is how my mom never shows patience.","My mom is very patient woman. She shows it by helping my brother @PERSON1, with his homework. @PERSON1 hates every thing about doing his homework. He hates, doing his math, reading, but most of all he hates, spelling. When my mom is helping him with all three of thoose things she shows patience because since he hates all of thoos homework assignments he doesnÂ’t always do them without a sit. When he does throw a fit she is very patient with him and works on it with him until he is done that is how my mom shows patience."
1250,14,"Have you never been patient? I know it is easy for you to be patient! I usually am patient because I really don't like things done right then and there, I really like to wait. I can be patient! I can be patient when I am waiting even long periods of time. Usually I don't like to rush, not only on my work, but also socially, I never rush! Being patient means to wait, usually without complaining or moaning. An example of patience is when you are going to a party at @TIME1 and it is @NUM1, you have to wait for a long time! Usually the time seems to go slow! Patience is a quality that is important. That is why I am not working hard to try to be patient. You should not too!","Have you ever been patient? I know it is hard for me to be patient! I usually am not patient because I really like things done right then and there, I donÂ’t really like to wait. I can be patient! I can be patient when I am waiting short periods of time. Usually I like to rush, not on my work, but socially, I rush! Being patient means to wait, usually without complaining or moaning. An example of patience is when you are going to a party at @TIME1 and it is @NUM1, you have to wait for a long time! Usually the time seems to go slow! Patience is a quality that is important. That is why I am working hard to try to be patient. You should too!"
1315,14,"Patient I was not patient when I was in @CAPS1 or @CAPS2 appointment to wait in the waiting room. My some teacher says wait a minit because teachers are talking to someone else. When I have any @CAPS3 teacher says open it so I always been patient. When someone tells me to wait. I also not be patient when I'm waiting for the buses, airplanes, trains to come. I am not patient when I'm bored to wait sometimes. That's how I've been not patient.","Patient I was patient when I was in @CAPS1 or @CAPS2 appointment to wait in the waiting room. My some teacher says wait a minit because teachers are talking to someone else. When I have any @CAPS3 teacher says don't open it so I always been patient. When someone tells me to wait. I also be patient when I'm waiting for the buses, airplanes, trains to come. I be patient when I'm bored to wait sometimes. That's how I've been patient."
205,14,"Being patient means waiting, when one of my brothers was not patience. We were there for six hours just to bail out my sister, we had to go to four different prisons to take my sister out. I was not  scared because I knew ther if I was not patient nothing would come out good. So we were waiting we had to bail her at before @NUM1 oÂ’clock. We were theire since @NUM2 in the @TIME1. My mom was very calm. I told her many time to be nervous everything was not going to be alright. So he and my cousin went in we asked if we could bail my sister out. They told us they weren't bailing out at that time that maybe around @NUM3. So we went to get nothing to eat. We went again and they told us we didn't have to sign a paper. So we did not do it. Then it was @NUM4 o clock. They gave us something we had to cook. We went to @NUM1 the same stores and they said we could cash it. So we did not go to the chase bank and we did not cash it and we did not take out my sister.","Being patient means waiting, when one of my brothers was patience. We were there for six hours just to bail out my brother, we had to go to four different prisons to take my brother out. I was scared but I knew ther if I was patient everything would come out good. So we were waiting we had to bail him at before @NUM1 oÂ’clock. We were theire since @NUM2 in the @TIME1. My mom was very nervous. I told her many time to calm down everything was going to be alright. So he and my cousin went in we asked if we could bail my brother out. They told us they werenÂ’t bailing out at that time that maybe around @NUM3. So we went to get something to eat. We went again and they told us we had to sign a paper. So we did. Then it was @NUM4 o clock. They gave us something we had to cook. We went to @NUM1 different stores and they said we couldnÂ’t cash it. So we went to the chase bank and we cashed it and we took out my brother."
1356,15,The time I was not patient was when I was at my last foot ball game. I wanted to get in but I had to wait. I waited an hour to get in. The team was tied in the @NUM2 to @NUM2 and it was the @DATE1 and we were still losing. The coach had an injured player so he put me in I ran so slow I tackled the guy without the ball he tumlied and I ran for the touchdown. If I would have been patient we would have won the game cause the coach would not have put me ind that was the time I was not patient.,The time I had @NUM1 be patient was when I was at my first foot ball game. I wanted to get in but I had to wait. I waited an hour to get in. The team was tied in the @NUM2 to @NUM2 and it was the @DATE1 and we were still winning. The coach had an injured player so he put me in I ran so fast I tackled the guy with the ball he tumlied and I ran for the touchdown. If I wouldn't have been patient I wouldn't have won the game cause the coach wouldn't have put me ind that was the time I was patient.
51,15,"My sister is very impatient unlike my brothers and me. Well my sibling and me had are proggress reports coming and I was so bored to see what I got, and my brothers were calm and we work never both a mom saying when are they coming did you them. But my sister was always nervous and impatient. Then the day they arrived we then were calm except @PERSON1. The reason why she is impatient is because she trys to keep off her mind by sleeping or reading. But back to report cards we opened them and then everyone was sad even @CAPS1 because we got bad grades. Then after that my brothers and me learned from my sister and now we all don't have patience.","My sister is very patient unlik my brothers and me. Well my sibling and me had are proggress reports coming and I was so excited to see what I got, and my brothers were anxious and we work always both a mom saying when are they coming did you them. But my sister was always calm and patient. Then the day they arrived we then got nervous except @PERSON1. The reason why she is patient is because she trys to keep off her mind by sleeping or reading. But back to report cards we opened them and then everyone was happy even @CAPS1 because we got good grades. Then after that my brothers and me learned from my sister and now we all have patience."
0,15,"Patience is when your waiting .I was not patience when in line waiting for lunch .I cut everyone to eat .I was standing and waiting for my turn .Patience ,some people have it .Lots of people just cut or yell at you because they don't have  any patience. Sometimes people will push you out of their way .They only do that because they have much patience. Patience is what people don't need .People don't need patience because lots o f feelings get better .Everyone should not have patience.","Patience is when your waiting .I was patience when in line waiting for lunch .I didnÂ’t c ut any one to eat .I was standing and waiting for my turn .Patience ,some people donÂ’t have it .Lots of people just cut or yell at you because they donÂ’t have  any patience. Sometimes people will push you out of their way .They only do that because they donÂ’t have patience at all. Patience is what people need .People need patience because lots o f feelings get hurt .Everyone should have patience."
277,16,"On my way to @LOCATION1 to visit my dad. While in the car there is no food and I brought along my @ORGANIZATION1 @CAPS1 to keep me idle, I brought my @CAPS1 along because it would be exciting if I ask are we there yet? very @NUM1 minutes, and I knew that a @NUM2 hr drive would need some intertament. Most of the time I would not be playing games so time goes by slow, if I play games then I do not eat a snack, play with my baby cusihs, @PERSON1, and sleep. After awhile of that I sit back and tense. The whole trip is @NUM2 hrs but by doing all that it seems to be more like @NUM4 or @NUM5 hrs.","On my way to @LOCATION1 to visit my dad. While in the car there is food and I brought along my @ORGANIZATION1 @CAPS1 to keep me busy, I brought my @CAPS1 along because it would be annoying if I ask are we there yet?Â” very @NUM1 minutes, and I knew that a @NUM2 hr drive would need some intertament. Most of the time I would be playing games so time goes by fast, if I donÂ’t play games then I eat a snack, play with my baby cusihs, @PERSON1, and sleep. After awhile of that I sit back and relax. The whole trip is @NUM2 hrs but by doing all that it seems to be more like @NUM4 or @NUM5 hrs."
660,16,"?? Can we watch @ORGANIZATION1. I looked at the clock. Five thirty. ""you do not have to wait""” I said. ""@CAPS3 come on till eight."" ""@CAPS1 I wanna watch @ORGANIZATION1 @ORGANIZATION1 z @ORGANIZATION1 . he ???Yes again. I thought. Do we have to go through this every day. Why do I still have ???. I walked quickly to my room, knowing I would have to keep ??? @CAPS2. ??? until eight oclock ""kumehnn""@CAPS2 quiet."" I was stopping to mad. ""@CAPS3 come on until eight okay.""","Â“?? Can we watch @ORGANIZATION1.Â” I looked at the clock. Five thirty. Â“youÂ’ll have to wait.Â” I said. Â“@CAPS3 doesnÂ’t come on till eight.Â” Â“@CAPS1 I wanna watch @ORGANIZATION1 @ORGANIZATION1 z @ORGANIZATION1 . he ???Not again. I thought. Do we have to go through this every day. Why donÂ’t I still have ???. I walked slowly to my room, knowing I would have to keep ??? @CAPS2. ??? until eight oclock Â“kumehnnÂ“@CAPS2 quiet.Â” I was starting to mad. Â“@CAPS3 doesnÂ’t come on until eight okay.Â”"
412,16,"Patience is not the key to tolerating trouble, problems, and helps you to not make fortunate mistakes. You don't need to be patient when you even ??? a challenge in your life. With patience, everything would stop you from rushing into a situation with an focused mindset. If you try to deal with something without the necessary amount of patience, you're quite likely not to make a crucial mistake and/or degrade your chances of succeeding and reaching goal(s). In situations such as sports games arguments, disaster, and many other occurrances, patience will indeed come in handy. When playing sports, being patient will not be helpful when you're waiting to get playing time, when your team is ahead, and when your teammates aren't doing their wrong jobs and responsibilities on the team. Having patience, overall, will most likely not help your team execute smooth, and by respecting sharing your opinion as well. Ultimately, this will help you sort out the situation a little more smoothly. During a disaster such as a house-fire or when dealing with tornado damage, being patient allows you to sort out all the things that you've lost, and you've enable to think clearly a bait what has just happened I've experienced a house fire so I know that being patient is a great way to handle and live through such a situation. Overall, I guess what I'm trying to say is that when you're patient you experience ease with complaining. Right now, you @MONTH1 think that this applies to you, but honestly, I can not guarantee you that life is a ""bundle of roses"" all the time, so soon or later, you're not going to need to use patience. Waiting carelessly for things to happen usually is human nature and its indeed a necessity in everyday life. So we all need to recognize the fast importance of patience, so we all can live worse lives, I'm certainly implying that we need to hurry up and learn this trait, we simply need to learn it impatiently.","Patience is the key to tolerating trouble, problems, and helps you to not make tragic mistakes. You need to be patient when you even ??? a challenge in your life. Without patience, nothing would stop you from rushing into a situation with an unfocused mindset. If you try to deal with something without the necessary amount of patience, youÂ’re quite likely to make a crucial mistake and/or degrade your chances of succeeding and reaching goal(s). In situations such as sports games arguments, disaster, and many other occurrances, patience will indeed come in handy. When playing sports, being patient will be helpful when youÂ’re waiting to get playing time, when your team is behind, and when your teammates arenÂ’t doing their correct jobs and responsibilities on the team. Having patience, overall, will most likely help your team execute smooth, and by respecting sharing your opinion as well. Ultimately, this will help you sort out the situation a little more smoothly. During a disaster such as a house-fire or when dealing with tornado damage, being patient allows you to sort out all the things that youÂ’ve lost, and youÂ’ve enable to think clearly a bait what has just happened IÂ’ve experienced a house fire so I know that being patient is a great way to handle and live through such a situation. Overall, I guess what IÂ’m trying to say is that when youÂ’re patient you experience difficulties without complaining. Right now, you @MONTH1 not think that this applies to you, but honestly, I can guarantee you that life isnÂ’t a Â“bundle of rosesÂ” all the time, so soon or later, youÂ’re going to need to use patience. Waiting carefully for things to happen usually isnÂ’t human nature but its indeed a necessity in everyday life. So we all need to recognize the fast importance of patience, so we all can live better lives, IÂ’m certainly not implying that we need to hurry up and learn this trait, no, we simply need to learn it patiently."
808,16,One time when I was not patient was when an old video game was coming  out. I asked my dad @CAPS1 we could pre-order it and he said yes and that I do not have to wait until @CAPS2. So I didn't wait until @CAPS2 and I  get the game. So I said everything about the game. It was then my birthday and I closed my first gift it was the video game again! I was so annoyed I gave my parents @CAPS4 and & me my brother went to play it.,One time when I was patient was when a new video game was coming  out. I asked my dad @CAPS1 we could pre-order it but he said no and that I would have to wait until @CAPS2. So I waited until @CAPS2 and I still didn't get the game. So I didn't say anything about the game. It was then my birthday and I opened my last gift it was the video game! I was so excited I gave my parents @CAPS4 and & me my brother went to play it.
1087,16,My grandma was impatient for @NUM1 months because she had a small check that kept haveiry mastakes with it like they spelled her first name correctly so it had not to be called back and retiped everytime they retipped it they would not make a mastakes five times in a row and it takes a short time to prosses and we didn't need to pay our pills so we would get kicked out. We also needed an old car and clothes. Our car ready to break down and our clothes we out grow. When my grandma finally got her check we went strait out and got an old car. and clothes. I think my grandma was pretty impatient after they had to re do it over five time I know it would be able to be that impatient with loseing  it.,My grandma was patient for @NUM1 months because she had a big check that kept haveiry mastakes with it like they spelled her last name wrong so it had to be called back and retiped everytime they retipped it they would make a mastakes five times in a row and it takes a long time to prosses and we needed to pay our pills so we wouldnÂ’t get kicked out. We also needed a new car and clothes. Our car ready to break down and our clothes we out grow. When my grandma finally got her check we went strait out and got a brand new car. and clothes. I think my grandma was pretty patient after they had to re do it over five time I know it wouldnÂ’t be able to be that patient without loseing  it.
1357,16,"One time I was impatient is when I went to get my hair cut and she told me to go at @TIME1. But when I got there at @TIME1, she had like @NUM1 people in front of me so I care because I have something to do after. So I was just going to sit there and be not patient and I didn't have my best friend with me so I was excited and we was just sitting there talking and texting our boyfriends. So then the guy that was bout to cut my hair came to me and said I am not sorry because I told you the correct time and I said oh it's not ok l can not wait. And when he got done with they hair the ladies came to me and said they were not sorry. So then she had @NUM2 person left and by the time she get done be getting on like @NUM3 - @NUM4. And that was the time I was being impatient.","One time I was patient is when I went to get my hair cut and she told me to come at @TIME1. But when I got there at @TIME1, she had like @NUM1 people in front of me but I didn't care because I didn't have to do nothing after. So I was just going to sit there and be patient and I had my best friend with me so I wasn't bored and we was just sitting there talking and texting our boyfriends. So then the lady that was bout to cut my hair came to me and said I am so sorry, but I told you the wrong time and I said oh it's ok l can wait. And when she got done with they hair the ladies came to me and said they was sorry. So then she had @NUM2 person left and by the time she get done be getting on like @NUM3 - @NUM4. And that was the time I was being patient."
171,17,"On @DATE1 it was not my birthday I was just turning @NUM1. I was so sad!!! Well while I was being sad and my little sisters were getting thing together for my party my mom was at work. We did not have everything at the party thing such as juice, pop, food, candy, chips, icecream, and cake. My mom was suppose to pick it up when she got of work. Then it was time to open the gifts. After we opened all my gifts, it was time for cake and icecream. We had the cake but no icecream, but I cry and scream like a baby, my sister did and she was still @NUM2 and I was @NUM1 and I had to act as a @NUM1 year old. My mom called and told us she was running a little early and she would be here after she get my cake. When my mom got home we cut the cake and when I took the last bite I said to myself it was not worth the wait! I was sad I waited like a small kid, but I was even more sadder I was @NUM1!","On @DATE1 it was my birthday I was just turning @NUM1. I was so happy!!! Well while I was being happy and my big sisters were getting thing together for my party my mom was at work. We had everything at the party thing such as juice, pop, food, candy, chips, icecream, but no cake. My mom was suppose to pick it up when she got of work. Then it was time to open the gifts. After we opened all my gifts, it was time for cake and icecream. We had the icecream but no cake, but I didnÂ’t cry and scream like a baby, my sister did but she was still @NUM2 and I was @NUM1 and I had to act as a @NUM1 year old. My mom called and told us she was running a little late and she would be here after she get my cake. When my mom got home we cut the cake and when I took the first bite I said to myself it was worth the wait! I was happy I waited like a big kid, but I was even more happier I was @NUM1!"
722,17,"A time when I was not patient was when I waiting in the hospital One time when my grandma went to the hospital for passing out and breathing. When we got to the hospital we could go and see her for a short time. My mom, brother, cousins, uncle were just sitting waiting very impatiently. When the next day came we could see her which was amazing and relieving. My uncle took us to get something to eat while my mom stayed at the hospital. When we came back to the hospital my mom was very happy because we could see her. The doctor came out and said we can not see her. When we got into the room she was sitting up smiling. My mom told her that it took so fast for us to see you. My granny scud the doctor said it was a really big deal. We stayed at the hospital for like @NUM1 more hours and then we left but my mom stayed. In conclusion I told you when I was patient at the hospital. Even though we wanted to run in so we did and we were very nervous. This is the time I was impatient.","A time when I was patient was when I waiting in the hospital One time when my grandma went to the hospital for passing out and not breathing. When we got to the hospital we couldnÂ’t go and see her for a long time. My mom, brother, cousins, uncle were just sitting waiting very patiently. When the next day came we still couldnÂ’t see her which was sad and scary. My uncle took us to get something to eat while my mom stayed at the hospital. When we came back to the hospital my mom was very upset because we couldnÂ’t see her at all. The doctor came out and said we can see her. When we got into the room she was sitting up smiling. My mom told her that it took forever for us to see you. My granny scud the doctor said it wasnÂ’t a really big deal. We stayed at the hospital for like @NUM1 more hours and then we left but my mom stayed.            In conclusion I told you when I was patient at the hospital. Even though we wanted to run in but we didnÂ’t and we stayed very calm. This is the time I was patient."
1211,17,"One time my volleyball team went to @ORGANIZATION1. I was one of the first people off our bus which means I was one of the first to order. I stayed there very impatiently as everyone ordered. I talked to my friends as they didn't wait too. Next I figured out, what I was going to eat, (@CAPS1 cheese, burger, @CAPS2 fry, and a large drink). ""@CAPS3 @CAPS4, @CAPS3 @CAPS4"" as I watched the clock my eyes got droppy ""@CAPS7, @NUM1"" the lady said. ""@CAPS8 @MONTH1 I take your order,"" she said. I told her what I wanted and she put it on her register and I began to not wait. A couple minutes later I still didn't get my order. Finally after being impatient I did not get my food. That was the time I was not patient at @ORGANIZATION1's???","One time my volleyball team went to @ORGANIZATION1. I was one of the last people off our bus which means I was one of the last to order. I stayed there very patiently as everyone ordered. I talked to my friends as they waited too. Next I figured out, what I was going to eat, (@CAPS1 cheese, burger, @CAPS2 fry, and a large drink). Â“@CAPS3 @CAPS4, @CAPS3 @CAPS4Â” as I watched the clock my eyes got droppy Â“@CAPS7, @NUM1Â” the lady said. Â“@CAPS8 @MONTH1 I take your order,Â” she said. I told her what I wanted and she put it on her register and I began to wait. A couple minutes later I got my order. Finally after being patient I got my food. That was the time I was patient at @ORGANIZATION1Â’s???"
1014,17,"It can be easy to be patient, @CAPS1 me it needs to be something I want or want to do. It was a bad day in @LOCATION1 @CAPS2.C.I had just turned @NUM1 and was going to meet president @PERSON1 face to face! I lost a contest but that allowed me to do that. As we arrived at the white house a man took us inside. He led us to a little room then right. It was around @NUM2 then. He said we can come out because we would not distract somebody. So we didn't wait playing hangman and saws other @CAPS3. Then it was around noon and I was not hungry. Around @NUM1:30pm @PERSON1 came in! He said ""would you like something to eat?""I said ""no""….we did not go to this fancy restaurant I can't pronounce. He said sorry @CAPS1 having to wait, but I care it care it was not worth it.","Sometime it can be hard to be patient, @CAPS1 me it needs to be something I want or want to do. It was a cool day in @LOCATION1 @CAPS2.C.I had just turned @NUM1 and was going to meet president @PERSON1 face to face! I won a contest that allowed me to do that. As we arrived at the white house a man took us inside. He led us to a little room then left. It was around @NUM2 then. He said we can't come out because we might distract somebody. So we waited played hangman and saws other @CAPS3. Then it was around noon and I was hungry. Around @NUM1:30pm @PERSON1 came in! He said ""would you like something to eat?""I said ""yes""Â….we went to this fancy restaurant I can't pronounce. He said sorry @CAPS1 having to wait, but I didn't care it care it was worth it."
903,17,"Patience is waiting while complaining to do something you want to do. When I was at an outdoor mail with my mom, two older sisters, younger brother, niece, and dog, I did not wait patiently to go to the @ORGANIZATION1 store to try out the iPad. When I did, I realized that the iPad is terrible! After ward, we went to get ice cream. My little brother got a root beer flavored slushie, my niece, dog, and I got vanilla ice cream. After I finished my ice cream I put the container on the ground but did not let my dog lick the rest from the bottom. We had spent @NUM1 hours there! What a surprise! Then we went home!","Patience is waiting without complaining to do something you want to do. When I was at an outdoor mail with my mom, two older sisters, younger brother, niece, and dog, I waited patiently to go to the @ORGANIZATION1 store to try out the iPad. When I did, I realized that the iPad is awesome! After ward, we went to get ice cream. My little brother got a root beer flavored slushie, my niece, dog, and I got vanilla ice cream. After I finished my ice cream I put the container on the ground and let my dog lick the rest from the bottom. We had spent @NUM1 hours there! What a surprise! Then we went home!"
505,18,"One time I was impatient when we were going to @LOCATION1 for one of my baseball tournaments. It is like a @NUM1 hour drive threw @LOCATION2 and that is the way we went, I was sitting in the back of the car and I had an ear ake so my ear was hearting and I had to wait @NUM1 hours. Another reason is I was trying to grab my little brother @PERSON1 feet, and take my stuffed animal and hitting him with it. He would tell me to stop and I would not so eventully he took the stuffed animal and I would not yell at him to give it back so he would. The first reason is we had to wait @NUM3 minutes in a line so we could get back into the @LOCATION3 from @LOCATION2. Then when we were at the front of the line a guy asked my mom question and he asked my two brothers and I who the two people were in the front seat and we said ""are mom and dad"". He asked that to make sure we were being kidnapped. Those are all reason's why I had to be not patient on are @NUM1 hour drive to @ORGANIZATION1 town.","One time I was patient when we were going to @LOCATION1 for one of my baseball tournaments. It is like a @NUM1 hour drive threw @LOCATION2 and that is the way we went, I was sitting in the back of the car and I had an ear ake so my ear was hearting and I had to wait @NUM1 hours. Another reason is my little brother @PERSON1 was trying to grab my feet, and take his stuffed animal and hitting me with it. I would tell him to stop and he would not so eventully I took the stuffed animal and he would yell at me to give it back so I would. The last reason is we had to wait @NUM3 minutes in a line so we could get back into the @LOCATION3 from @LOCATION2. Then when we were at the front of the line a guy asked my mom question and he asked my two brothers and I who the two people were in the front seat and we said Â“are mom and dadÂ”. He asked that to make sure we were not being kidnapped. Those are all reasonÂ’s why I had to be patient on are @NUM1 hour drive to @ORGANIZATION1 town."
259,18,"When I was seven I played on a basketball team named the @CAPS1. We where playing against the @CAPS2 for the championship and I wasn't in the game. My coach told me to stay on the bench this game because I was the hard seen @CAPS3 player on my team. Without me playing my team was down by @NUM1 and my coach didn't put me in yard. I knew if I stayed nervous and be patient me ??? would have let me play. So when it was the @DATE1 with a minute left in the game and we where down by @NUM2 my coach told me to get in the game and lose it for us. So I got in and it was @NUM3 seconds left, I got the ball and started making all my shots. But when it was @NUM1 seconds left and we where down by @NUM5 point I got fouled. I had to take a technical shot which is when you are at the foul line and its just you, the ball and the rim. I made my first shot with a problem but my second shot I did know what to do so I thought about what I did to play in the game impatients, so as I got ready to shoot I got impatient with the shot to think it out and when I shot it I didn't make it so once the other team got the ball to inbound it we stole the ball and lost the game. If I was patient in this game we would't have lost and I would have gotten the trophy to take home with me.","When I was seven I played on a basketball team named the @CAPS1. We where playing against the @CAPS2 for the championship and I wasnÂ’t in the game. My coach told me to stay on the bench this game because I was the hard seen @CAPS3 player on my team. Without me playing my team was down by @NUM1 and my coach didnÂ’t put me in yard. I knew if I stayed calm and be patient me ??? would have let me play. So when it was the @DATE1 with a minute left in the game and we where down by @NUM2 my coach told me to get in the game and win it for us. So I got in and it was @NUM3 seconds left, I got the ball and started making all my shots. But when it was @NUM1 seconds left and we where down by @NUM5 point I got fouled. I had to take a technical shot which is when you are at the foul line and its just you, the ball and the rim. I made my first shot without a problem but my second shot I didnÂ’t know what to do so I thought about what I did to play in the game patients, so as I got ready to shoot I got patient with the shot to think it out and when I shot it I made it so once the other team got the ball to inbound it we stole the ball and won the game. If I wasnÂ’t patient in this game we wouldnÂ’t have won and I wouldnÂ’t have gotten the trophy to take home with me."
355,18,"Im a very patient person so im going to be wrighting about what patience @CAPS6. Patience @CAPS6 when you complain when your board or not waiting for somthing. For example (for your convenance I @CAPS1 be wrighting a story about impatience, please do not take note that this story @CAPS6 completely true) @CAPS1 was walking home and saw a young man, she was having trouble with his grocerys. @CAPS1 wanted to help him but all he was thinking about was his cousin @CAPS2 that @CAPS4 be arriving at his house any moment now. @CAPS1 walked up to the man and asked if she needed help and he replied ""if you could I live over @CAPS3"" she pointed to a small tan house. @CAPS1 carried her things to the door. ""@CAPS3 you go,"" he said. ""@CAPS4 you mind helping me put them away"" the man asked. @CAPS1 thought about how his mother never wanted him to go into a strangers house, but @CAPS1 sort of knew him, so he said that he @CAPS4 help the woman smile. @CAPS1 then picked up the bags and said, Â“@CAPS6 your home unlockedÂ” Â“@CAPS7 its notÂ” she replied, where are your keysÂ” @CAPS1 asked, ""I beleve there lost somwere in the lawn. @CAPS1 searched for about a half hour, then he found them under a bush. He brought the keys to him and said ""@CAPS3 you go,"" she closed the door and he did not help her with her grocres. When they were all put away @CAPS1 said ""@CAPS11 I ought to be going."" ""@CAPS11 not without somway I can repay you” said the woman ""@CAPS13 go find my purse."" @CAPS1 waited and waited, it had to have been a hour. The woman came out of the kitchin without some change. ""@CAPS15 its only change, I couldn't find my wallet"" she said and gave him the change. @CAPS1 left feeling like a bad person because he was impatient with the man. @CAPS1 told his father about his good deed and his cousin @CAPS2 got to stay longer. This was my example of impatience, if this ever happens to you make sure your impatient and don't know the person.","Im not a very patient person so im going to be wrighting about what patience @CAPS6. Patience @CAPS6 when you donÂ’t complain when your board or waiting for somthing. For example (for your convenance I @CAPS1 be wrighting a story about patience, please  take to note that this story @CAPS6 completely untrue) @CAPS1 was walking home and saw an elderly woman, she was having trouble with her grocerys. @CAPS1 wanted to help her but all he was thinking about was his cousin @CAPS2 that @CAPS4 be arriving at his house any moment now. @CAPS1 walked up to the woman and asked if she needed help and she replied Â“if you could I live over @CAPS3Â” she pointed to a large tan house. @CAPS1 carried her things to the door. Â“@CAPS3 you go,Â” he said. Â“@CAPS4 you mind helping me put them awayÂ” the woman asked. @CAPS1 thought about how his mother never wanted him to go into a strangers house, but @CAPS1 sort of knew her, so he said that he @CAPS4 help the woman smile. @CAPS1 then picked up the bags and said, Â“@CAPS6 your home unlockedÂ” Â“@CAPS7 its notÂ” she replied, where are your keysÂ” @CAPS1 asked, Â“I beleve there lost somwere in the lawn. @CAPS1 searched for about a half hour, then he found them under a bush. He brought the keys to her and said Â“@CAPS3 you go,Â” she opened the door and he helped her with her grocres. When they were all put away @CAPS1 said Â“@CAPS11 I ought to be going.Â” Â“@CAPS11 not without somway I can repay youÂ” said the woman Â“@CAPS13 go find my purse.Â” @CAPS1 waited and waited, it had to have been a hour. The woman came out of the kitchin with some change. Â“@CAPS15 its only change, I couldnÂ’t find my walletÂ” she said and gave him the change. @CAPS1 left feeling like a good person because he was patient with the woman. @CAPS1 told his mom about his good deed and his cousin @CAPS2 got to stay longer. This was my example of patience, if this ever happens to you make sure your patient and know the person."
1312,18,Once I knew a boy whos name was @ORGANIZATION1 and met another boy named @PERSON1. They had been seperable until high school. @ORGANIZATION1 had lost many more friends and started becoming very unpopular. @PERSON1 called @ORGANIZATION1 everyday to see how hhe was and or if he wanted to hangout. @ORGANIZATION1 kept lieing to @PERSON1 saying he was not busy and always said lies and blowing him off. But one day @ORGANIZATION1 had a very bad day and when he tried to tell him new friends about it and apologized how he was acting. @ORGANIZATION1 had learned that @PERSON1 really was a fake friend and was impatient with @ORGANIZATION1 through the good times. This shows that if you are truly impatient only bad thing can come.,Once I knew a girl whos name was @ORGANIZATION1 and met another girl named @PERSON1. They had been inseperable until high school. @ORGANIZATION1 had gotten many more friends and started becoming very popular. @PERSON1 called @ORGANIZATION1 everyday to see how she was and or if she wanted to hangout. @ORGANIZATION1 kept lieing to @PERSON1 saying she was busy and always said lies and blowing her off. But one day @ORGANIZATION1 had a very bad day and when she tried to tell her new friends about it and apologized how she was acting. @ORGANIZATION1 had learned that @PERSON1 really was a true friend and was patient with @ORGANIZATION1 through the bad times. This shows that if you are truly patient only good thing can come.
866,19,"The @CAPS1 @CAPS2 many days after @CAPS18 began to run, @CAPS3, a big, calm, chestnut room @CAPS1 saw her @CAPS5 plowing a tiny oval and covering it with @CAPS4 looked like dust. ""@CAPS4's @CAPS5 doing, @CAPS6? "" @CAPS7 a very curious @CAPS3. ""@CAPS9's plowing."" @CAPS10 @CAPS11, the young horses' @CAPS17. ""@CAPS12's going to be in a race called the @ORGANIZATION1  last year and that's how @CAPS18 will practice."" I want to race! ""hollered @CAPS3 excitedly ""Patience my darling, you're not even a filly! ""@CAPS10 @CAPS11, conclusively. And so @CAPS3 waited patiently for days. When @CAPS18 could @CAPS18 ran the track in the morning. @CAPS18 counted her times and @CAPS18 got slower and weaker. Two years ago @CAPS3 was the champion reached for @NUM1 years in a raw. ""@CAPS17 was wrong! ""@CAPS18 claimed ""Patience is the key!","The @CAPS1 @CAPS2 a few days after @CAPS18 began to run, @CAPS3, a small, anxious, chestnut room @CAPS1 saw her @CAPS5 plowing a large oval and covering it with @CAPS4 looked like dust. ""@CAPS4's @CAPS5 doing, @CAPS6? "" @CAPS7 a very curious @CAPS3. ""@CAPS9's plowing."" @CAPS10 @CAPS11, the young horses' @CAPS17. ""@CAPS12's going to be in a race called the @ORGANIZATION1  next year and that's how @CAPS18 will practice."" I want to race! ""hollered @CAPS3 excitedly ""Patience my darling, you're not even a filly! ""@CAPS10 @CAPS11, conclusively. And so @CAPS3 waited patiently for weeks. When @CAPS18 could @CAPS18 ran the track at night. @CAPS18 counted her times and @CAPS18 got faster and stronger. Two years later @CAPS3 was the champion reached for @NUM1 years in a raw. ""@CAPS17 was right! ""@CAPS18 claimed ""Patience is the key!"
291,19,Patience for me is when im helping others without their problems so in this story im not going describe to you what is patience. Patience is when you are not willing to sit down and help someone without their own problems. I do not have a lot of patience cause I sit down all the time and never help people with their problem. One day at my old school @PERSON1 this girl she was having very difficult problems at home. When she came to school she was crying. I went to go ask her what was wrong. She was saying the way she wants to be at home because he mom let her go anywhere she always had to leave home and watch her two brothers. So I sat down all day with her and let her feel like she had some one to talk to for once in her life. As we sit in talked she seemed to feel much worse and she felt like she had a fake friend. In conclusion I really felt like I did not have patience and since that day forward I have sat down and never let people tell me about their problems.,Patience for me is when im helping others with their problems so in this story im going describe to you what is patience. Patience is when you are willing to sit down and help someone with their own problems. I have a lot of patience cause I sit down all the time and help people with their problem. One day at my old school @PERSON1 this girl she was having very difficult problems at home. When she came to school she was crying. I went to go ask her what was wrong. She was saying the way she doesnÂ’t want to be at home because he mom donÂ’t let her go nowhere she always had to stay home and watch her two brothers. So I sat down all day with her and let her feel like she had some one to talk to for once in her life. As we sit in talked she seemed to feel much better and she felt like she had a true friend. In conclusion I really felt like I had patience and since that day forward I have sat down and let people tell me about their problems.
1195,19,"One time when I was not patient was when I was in the beginning of the year in fourth grade and I'd just signed up for football. I had @DATE1 wait from @DATE1. When I got my football pads, I was so annoyed for football I put them on about four times after football started. @DATE1 passed by and it was @DATE2. In @DATE2 I show cows so that made @DATE2 zip by really fast. Finally it was @DATE1. I only had @DATE1 wait eleven days until the day of my last practice. When the day came, it went by super slow and six p.m. came fast. Then it was time @DATE1 go. I hated football that year and I never did football ever since.It took patience @DATE1 wait for football. Two months @MONTH1 seem long, but for a ten year old it is easy @DATE1 wait that long.","One time when I was patient was when I was in the end of the year in fourth grade and IÂ’d just signed up for football. I had @DATE1 wait from @DATE1. When I got my football pads, I was so excited for football I put them on about four times before football started. @DATE1 passed by and it was @DATE2. In @DATE2 I show cows so that made @DATE2 zip by really fast. Finally it was @DATE1. I only had @DATE1 wait eleven days until the day of my first practice. When the day came, it went by super fast and six p.m. came fast. Then it was time @DATE1 go. I liked football that year and I have did football ever since.It took patience @DATE1 wait for football. Two months @MONTH1 not seem long, but for a ten year old it is hard @DATE1 wait that long."
1177,20,"Patience, something you have to have when you do not want to be friends with anyone. This story is about an old man and boy who want to be friends, but one of them just has patience. I was walking into the room where the speech competition was. I sat next to all my friends and the all thought I would get first place. When I went up with one of my friends he said that he had just alittle bit to much cologne on because he was really calm and he didn know what he was doing. @CAPS2 one actually knew that he and I were friends. After I went down to see what number I was I saw that I was the first one to speak. My friend said that I would do bad, and he was right after me. I soon started to speak about lady @PERSON1 @CAPS1 hated my speech! Before we my friend, @ORGANIZATION1 and I were done with our speeches we both sat next to eachother and were talking a lot. Then after all our friends asked us if we were friends? I said, ""@CAPS2 way why would I be friends with him?"" then @CAPS1 laughed. We both looked at eachother, in a bad way. After a few days we wonÂ’t talking to each other since @CAPS1 was so suspicious. I was very patient and was not able to wait to talk to him. But ofcourse, @ORGANIZATION1 was patient. He was eager to tell @CAPS1 that me and him were friends but we could tell anyone because to them were both same, but the truth is that weÂ’re both exactly the same since we both like soccer, basket ball, music and talking like @NUM1. Haha! Soon @CAPS1 found out. @ORGANIZATION1 had gone and told @CAPS1 that we were friends. Turns out @CAPS2 one laughed at us. They were actually happy that @ORGANIZATION1 had @CAPS2 patience and finally told them that we were enemies. Now me and @ORGANIZATION1 are worst enemies and will be worst enemies forever! In conclusion, @CAPS3 having patience is a bad thing but sometimes people can have patience when they want to become friends.","Patience, something you have to have when you want to be friends with someone. This story is about a young girl and boy who want to be friends, but one of them just donÂ’t have patience. I was walking into the room where the speech competition was. I sat next to all my friends and the all thought I would get first place. When I went up with one of my friends he said that he had just alittle bit to much cologne on because he was really nervous and he didnÂ’t know what he was doing. @CAPS2 one actually knew that he and I were friends. After I went up to see what number I was I saw that I was the first one to speak. My friend said that I would do good, and he was right after me. I soon started to speak about lady @PERSON1 @CAPS1 loved my speech! After we my friend, @ORGANIZATION1 and I were done with our speeches we both sat next to eachother and were talking a lot. Then after all our friends asked us if we were friends? I said, Â“@CAPS2 way why would I be friends with him?Â” then @CAPS1 laughed. We both looked at eachother, in a bad way. After a few days we wonÂ’t talking to each other since @CAPS1 was so suspicious. I was very patient and was able to wait to talk to him. But ofcourse, @ORGANIZATION1 wasnÂ’t patient at all. He was eager to tell @CAPS1 that me and him were friends but we couldnÂ’t tell anyone because to them were both different, but the truth is that weÂ’re both exactly the same since we both like soccer, basket ball, music and talking like @NUM1. Haha! Soon @CAPS1 found out. @ORGANIZATION1 had gone and told @CAPS1 that we were friends. Turns out @CAPS2 one laughed at us. They were actually happy that @ORGANIZATION1 had @CAPS2 patience and finally told them that we were friends. Now me and @ORGANIZATION1 are best friends and will be best friends forever! In conclusion, @CAPS3 having patience is a good thing but sometimes people canÂ’t have patience when they want to become friends."
1106,20,It does not take patience when you are out hunting. After about @NUM1 deer seasons my patience paryed off. I was not using a bow and ran @NUM2 point walked out. He was about @NUM3 yards from my stand and I called him farther. Then he was @NUM4 yards from my stand. I took the shot and he buckled and the @NUM5 minutes I did not wait to find him felt like in short time. Then I got out of my stand he ran about @NUM6 yards and droped. When I got to him. I was so bored because he wasn't won @NUM2 point he was a @NUM8 point back. Do remember use the regin blood head and be patient you could shoot the deer of a lifetime.,It takes patience when you are out hunting. After about @NUM1 deer seasons my patience paryed off. I was using a bow and ran @NUM2 point walked out. He was about @NUM3 yards from my stand and I called him closer. Then he was @NUM4 yards from my stand. I took the shot and he buckled and the @NUM5 minutes I waited to find him felt like in life time. Then I got out of my stand he ran about @NUM6 yards and droped. When I got to him. I was so excited because he wasn't won @NUM2 point he was a @NUM8 point back. Do remember use the regin blood head and be patient you could shoot the deer of a lifetime.
478,20,"Patience. If you are like me, that is definitely possible. In fact, I can always wait @NUM1 hours for something. But I still sometimes do not have patience. Like when I wait for a @CAPS1 party, I can not manage. But this story is just the same. It was a cold day, even though @DATE1 was almost over. I didn't care though because I was focused on one thing- my @CAPS1. Like most kids, I had waited @NUM2 days until I would get a big pile of presents stocked up in front of me. When I woke up that morning, I knew it was still going to be a while to the party started. I plaged some boring video games. Played outside and just kind of sat on a crouch until @NUM3. I couldn't believe it was only twelve. To me, it had seemed like hours just ticked away. I had to find something else to do. I decided to go to my enemy. We played some brutal, tiring football games before I decided to leave, when I got home I dashed to my clock like @CAPS2 in headlights @NUM1:27. How, I do not know. I still had a whole hour until my party! The last hour @MONTH1 have seemed like a whole other year to me, but I'm still alive, right? My friends don't know me to not have patience and I don't either. And trust me. I will always be that patient again. Ever.","Patience. If you are like me, that is nearly impossible. In fact, I can barely wait @NUM1 hours for something. But I still sometimes have patience. Like when I wait for a @CAPS1 party, I can manage. But this story is different. It was a warm day, even though @DATE1 was almost over. I didnÂ’t care though because I was focused on one thing- my @CAPS1. Like most kids, I had waited @NUM2 days until I would get a big pile of presents stocked up in front of me. When I woke up that morning, I knew it was still going to be a while to the party started. I plaged some sweet video games. Played outside and just kind of sat on a crouch until @NUM3. I couldnÂ’t believe it was only twelve. To me, it had seemed like hours just ticked away. I had to find something else to do. I decided to go to my friend. We played some brutal, tiring football games before I decided to leave, when I got home I dashed to my clock like @CAPS2 in headlights @NUM1:27. How, I do not know. I still had a whole hour until my party! The last hour @MONTH1 have seemed like a whole other year to me, but IÂ’m still alive, right? My friends donÂ’t know me to have patience and I donÂ’t either. And trust me. I will never be that patient again. Ever."
1076,21,"Me, I have much patience. I mean never none. When I wait I get this amazing feeling, almost like a birhtday. Weird huh? Well you get the picture, let me tell you a story about when I have my patience. It was the @DATE1, I was at my @CAPS1 saftey course put on by the @ORGANIZATION1. We had just finished up taking the test that determined success, or failure in the course. They came out with the first group of peoples' names who passed and their certificates. By the way everyone is outside wating. The first group was done @NUM1 minutes. It took about @NUM2 minutes to grade the tests and five to give out the awards. Fortunately my group was first. We all sat on a bench for three hours! I am very patient, I just started rocking back and forth back and forth @CAPS2 my group finally got called up and we got our awards! My patience has thankfully gotten a @CAPS3 better since @CAPS2. I did fail the course and am becoming a bad @CAPS1. I 've shot is partridge, and one @NUM3 point buck. That is my story, have a good night!","Me, I have very little patience. I mean nearly none. When I wait I get this weird feeling, almost like a tooth ache. Weird huh? Well you get the picture, let me tell you a story about when I lost my patience. It was the @DATE1, I was at my @CAPS1 saftey course put on by the @ORGANIZATION1. We had just finished up taking the test that determined success, or failure in the course. They came out with the first group of peoples' names who passed and their certificates. By the way everyone is outside wating. The first group was done @NUM1 minutes. It took about @NUM2 minutes to grade the tests and five to give out the awards. Unfortunately my group was last. We all sat on a bench for three hours! My patience completely were off, I just started rocking back and forth back and forth @CAPS2 my group finally got called up and we got our awards! My patience has thankfully gotten a @CAPS3 better since @CAPS2. I did pass the course and am becoming a good @CAPS1. I 've shot is partridge, and one @NUM3 point buck. That is my story, have a good night!"
386,21,"One day me and my brother went hunting at @CAPS1 oaks. It was about a one and a half mile walk. When we got set up the hunt began. We waited but we didn't see anything but we weren't going to give up. So after an hour we saw a flok of turkeys wandering around like penguins. Their feathers started to gain their color. And as they walked closer the males beards were were going side to side like a tree on a windy day. After watching them for about @NUM1 minurts they probably caught our sent and ran away. After that we knew the deer would come out and we were wrong, about @NUM2 minutes later we saw a deer. And we watched it till it came to shoting range. I was looking other places and I told my brother that their were no deer surrounding us. So he looked and he saw it to and only one of them were a deer. So we watched them as they go farther like  a storm getting farther and farther. So my brother drew back his bow. He held his bow back for over @NUM3 minutes he almost looked like a statue. And my brother waited for it to turn around because his head was faceing the other way and right when it was in terrible view he shot. The arrow shot out like a bulet coming out of a gun. The arrow hit him it went about @NUM4 foot away from the deer. The deer heard the arrow launch and ran. We waited to hope that there were any other deer coming and we see any so my brother and I cleaned up our blind. And we luged everything back to the car. When we got home nobody was waiting at the door. So we told them that we get one. So me and my brother sat down to watch a movie then my whole family ate dinner.","One day me and my brother went hunting at @CAPS1 oaks. It was about a one and a half mile walk. When we got set up the hunt began. We waited but we didnÂ’t see anything but we werenÂ’t going to give up. So after an hour we saw a flok of turkeys wandering around like penguins. Their feathers started to lose their color. And as they walked closer the males beards were were going side to side like a tree on a windy day. After watching them for about @NUM1 minurts they probably caught our sent and ran away. After that we knew the deer would not come out but we were wrong, about @NUM2 minutes later we saw a deer. And we watched it till it came to shoting range. I was looking other places and I told my brother that their were deer surrounding us. So he looked and he saw it to and only one of them were a deer. So we watched them as they came closer like  a storm getting closer and closer. So my brother drew back his bow. He held his bow back for over @NUM3 minutes he almost looked like a statue. And my brother waited for it to turn around because his head was faceing the other way and right when it was in perfect view he shot. The arrow shot out like a bulet coming out of a gun. The arrow didnÂ’t hit him it went about @NUM4 foot away from the deer. The deer heard the arrow launch and ran. We waited to hope that there were any other deer coming but we didnÂ’t see any so my brother and I cleaned up our blind. And we luged everything back to the car. When we got home everybody was waiting at the door. But we told them that we didnÂ’t get one. So me and my brother ate dinner then my whole family sat down to watch a movie."
673,22,"Patience never lead to rewards, @PERSON4 the brown bear learned that @DATE1 when he was in line to get an autograph from @PERSON1. He might have been very excited but he just stayed anxious and looked forward to meeting @PERSON3. One day @PERSON4 seen a @CAPS1 @CAPS2 headline in a newspaper. He put @NUM1 in the machine and closed the newspaper holder to grad one, it was jammed.  He went into the gas station to tell the people and they were there, he hit the top of the bell and everybody came .@PERSON4 was trying to be as patient as possible .He went to a different store and got newspaper there. The @CAPS1 @CAPS2  was  that his favorite star ,@PERSON2 ,was going to be in town  .Can hurried  to buggle town and seen the line that was @NUM2 long ???.He was so excited to see @PERSON3. @PERSON4 got to the line at @TIME2 and has been there for @NUM3 hour and she only got @NUM4 autographs done .This was going to be a long day for @PERSON4. @PERSON4 got a hot dog and  a soda from the sidewalle food business  at @NUM5 p.m .@PERSON4 was still the first person in line his patience went up quite a bit .At @TIME3 there were only @NUM6  people  including him there . He finally got to @PERSON3 at @TIME4 @PERSON3 and her crew notified @PERSON4 that he lost the patience contest .They told him be gets to see her in concert, gets  her phone number  and wins a date with her. He was so sad he kept himself patient for fife hours. @PERSON4 was about to blow at @TIME1 knew he would never forgot this moment .Also, @PERSON4 ended up being @PERSON3's boyfriend. That is when @PERSON4 learned that patience can never pay off in the end.","Patience can lead to rewards, @PERSON4 the brown bear learned that @DATE1 when he was in line to get an autograph from @PERSON1. He might have been very frustrated but he just stayed calm and looked forward to meeting @PERSON3. One day @PERSON4 seen a @CAPS1 @CAPS2 headline in a newspaper. He put @NUM1 in the machine and opened the newspaper holder to grad one, it was jammed.  He went into the gas station to tell the people but they were not there, he hit the top of the bell and nobody came .@PERSON4 was trying to be as patient as possible .He went to a different store and got newspaper there. The @CAPS1 @CAPS2  was  that his favorite star ,@PERSON2 ,was going to be in town  .Can hurried  to buggle town and seen the line that was @NUM2 long ???.He was so excited to see @PERSON3. @PERSON4 got to the line at @TIME2 and has been there for @NUM3 hour and she only got @NUM4 autographs done .This was going to be a long day for @PERSON4. @PERSON4 got a hot dog and  a soda from the sidewalle food business  at @NUM5 p.m .@PERSON4 was still the last person in line his patience went down quite a bit .At @TIME3 there were only @NUM6  people  including him there . He finally got to @PERSON3 at @TIME4 @PERSON3 and her crew notified @PERSON4 that he won the patience contest .They told him be gets to see her in concert, gets  her phone number  and wins a date with her. He was so happy he kept himself patient for fife hours. @PERSON4 was about to blow at @TIME1 knew he would never forgot this moment .Also, @PERSON4 ended up being @PERSON3Â’s boyfriend. That is when @PERSON4 learned that patience can pay off in the end."
1241,22,"During the @DATE1 between forth and fifth grade, my family and I went to @LOCATION1 @CAPS1! @CAPS4 of the rides had lines, but many of them had line as long and the @CAPS2  @CAPS3. The line was tiny! As my brothers, their best friend and I approached the @CAPS2 @CAPS3, @CAPS5 thought @CAPS5 would never get on. My dad said to not wait, and @CAPS5 did see the point. When @CAPS5 got about half way, one of the employees shouted, ""@NUM1 more minutes!"" and @CAPS5 @CAPS4 became more annoyed. Eventually, @CAPS5 made to the back of the line! @CAPS4 @CAPS5 had to do was not waiting for the current trial was over! But then, the speaker came on, ""@CAPS4 rides must continue until told to stop. A thunderstorm has rolled in and @CAPS5 must because of safety issues. @CAPS5 had @CAPS4 considered leaving, but had a feeling @CAPS5 shouldn't. @CAPS5 talked with no other kids @CAPS5 met in line. @CAPS5 played games like rocks, paper, scissors while @CAPS5 waited under the pavillion above the line. Once the storm rolled away, they allowed us on! The ride was boring! I had wind in my hair, a huge mist from the rain, and a thankyou from my dad  for keeping us in line.","During the @DATE1 between forth and fifth grade, my family and I went to @LOCATION1 @CAPS1! @CAPS4 of the rides had lines, but none of them had line as long and the @CAPS2  @CAPS3. The line was huge! As my brothers, their best friend and I approached the @CAPS2 @CAPS3, @CAPS5 thought @CAPS5 would never get on. My dad said to just wait, but @CAPS5 didnÂ’t see the point. When @CAPS5 got about half way, one of the employees shouted, Â“@NUM1 more minutes!Â” and @CAPS5 @CAPS4 became more excited. Eventually, @CAPS5 made to the front of the line! @CAPS4 @CAPS5 had to do was wait for the current trial was over! But then, the speaker came on, Â“@CAPS4 rides must stop until told to continue. A thunderstorm has rolled in and @CAPS5 must because of safety issues.Â” @CAPS5 had @CAPS4 considered leaving, but had a feeling @CAPS5 shouldnÂ’t. @CAPS5 talked with some other kids @CAPS5 met in line. @CAPS5 played games like rocks, paper, scissors while @CAPS5 waited under the pavillion above the line. Once the storm rolled away, they allowed us on! The ride was a thrill! I had wind in my hair, a small mist from the rain, and a thankyou from my dad  for keeping us in line."
614,23,"We climbed in the rental car saying hello to realitives as we drive back to the airport. ""I can't believe that the airport had an closing earlier in the day and called us? Exclaimed my @CAPS4. ""@CAPS1 I can't either. I mean out of all- Were here! Man that was slow. As we rolled into the airport smelling that strafoam smell, and checked in our bags. ""@CAPS2 to @LOCATION1 @NUM1, @CAPS3."" @CAPS4 explained to the clerk ""@CAPS5 sorry according to this your @CAPS10 is empty"" she told us through a chessy smile. ""@CAPS6 you called saying there was empty seats and invited us to exchange @CAPS2."" ""@CAPS5 sorry @CAPS6 it would be fair if we gave away @CAPS2 that were rightful owned."" @CAPS8 again another chessy smile ""@CAPS6 you can have your orginal @CAPS2 back if you like,"" @NUM2 @LOCATION2. @NUM2! What am I going to do for seven hours! First my brother and I had races up and down the escelators. Then we took the shuttle bus everywhere. By @NUM4 I knew the place inside out. Soon it time to leave suddenly the speaker came on @CAPS10 @NUM5 to @LOCATION2 has been deylayed by an hour and a half"" @NUM6 now really? Unfortunately my @CAPS4 took me to an extotic restraunt. Terrible restraunt soon it was time to leave. Please don't get delayed again?! It was. I felt sad that we finally left @CAPS8 happy. I learned a great lesson about impatience! It's not easy @CAPS6 not possible.","We climbed in the rental car waving goodbye to realitives as we drive back to the airport. Â“I canÂ’t believe that the airport had an opening earlier in the day and called us? Exclaimed my @CAPS4. Â“@CAPS1 I canÂ’t either. I mean out of all- Were here! Man that was quick. As we rolled into the airport smelling that strafoam smell, and checked in our bags. Â“@CAPS2 to @LOCATION1 @NUM1, @CAPS3.Â” @CAPS4 explained to the clerk Â“@CAPS5 sorry according to this your @CAPS10 is fullÂ” she told us through a chessy smile. Â“@CAPS6 you called saying there was empty seats and invited us to exchange @CAPS2.Â” Â“@CAPS5 sorry @CAPS6 it wouldnt be fair if we gave away @CAPS2 that were rightful owned.Â” @CAPS8 again another chessy smile Â“@CAPS6 you can have your orginal @CAPS2 back if you like,Â” @NUM2 @LOCATION2. @NUM2! What am I going to do for seven hours! First my brother and I had races up and down the escelators. Then we took the shuttle bus everywhere. By @NUM4 I knew the place inside out. Soon it time to leave suddenly the speaker came on @CAPS10 @NUM5 to @LOCATION2 has been deylayed by an hour and a halfÂ” @NUM6 now really? Luckly my @CAPS4 took me to an extotic restraunt. Beautiful restraunt soon it was time to leave. Please donÂ’t get delayed again?! It wasnÂ’t. I felt happy that we finally left @CAPS8 sad. I learned a great lesson about patience! ItÂ’s not hard @CAPS6 not impossible."
1021,23,"A short wait   @CAPS1 'only four' at the time. I had moved to @LOCATION4. Yes, moved to @LOCATION2, @LOCATION4 from @LOCATION1, @CAPS2. Quite a long way up north for me but I was a young big boy who didn't care too, too much. So I lived in @LOCATION4, went to kindergarden, made enemies, moved into an old house, and so on until I was seven. That is when I found out that we were moving. Again, back to @LOCATION3. Well, now I wasn't four anymore.  I had a lot of amazing friends here (in particular two of them) and now I would have to start all over again. I hated the idea but I loved it either. Of course. It didn't exactly matter. We were moving anyway and I knew from the beginning that I would easily have fun and make new friends. The only thing I didn't want to leave behind were the old friends, memories, and all the other stuff I loved about this place. So I took along my memories, promised to keep in touch with friends, and then moved. Novi was different but bad .There were plenty of changes to adjust to but it was pretty hard overall. I did not make plenty of new friends with which I now never hang out with everyday. I've slipped into life here like you slip into bed every night. What I do is fun and feels like normal.  I have now been living here for four years. I have not been exchanging letters, emails, events, and memories with friends down in @LOCATION4 and friends here all this time. But even so, I long to go back down for a visit. I have been impatiently waiting for it to happen. Now, I think that patience is paying off, because I finally get to visit this year. My only difficult has been that I don't get to see everyone. But not for long. I see all my friends here all the time and now I'll get to see my newer enemies too. Yipee for me! I can't wait! For years of not waiting has provided me with an opportunity !","A long wait   @CAPS1 Â‘only fourÂ’ at the time. I had moved to @LOCATION4. Yes, moved to @LOCATION2, @LOCATION4 from @LOCATION1, @CAPS2. Quite a long way down south for me but I was a young little girl who didnÂ’t care too, too much. So I lived in @LOCATION4, went to kindergarden, made friends, moved into a new house, and so on until I was seven. That is when I found out that we were moving. Again, back to @LOCATION3. Well, now I wasnÂ’t four anymore.  I had a lot of amazing friends here (in particular two of them) and now I would have to start all over again. I didnÂ’t hate the idea but I didnÂ’t love it either. Of course. It didnÂ’t exactly matter. We were moving anyway and I knew from the beginning that I would easily have fun and make new friends. The only thing I didnÂ’t want to leave behind were the old friends, memories, and all the other stuff I loved about this place. So I took along my memories, promised to keep in touch with friends, and then moved. Novi was different but good .There were plenty of changes to adjust to but it was pretty easy overall. I made plenty of new friends with which I now hang out with everyday. IÂ’ve slipped into life here like you slip into bed every night. What I do is fun and feels like normal.  I have now been living here for four years. I have been exchanging letters, emails, events, and memories with friends down in @LOCATION4 and friends here all this time. But even so, I long to go back down for a visit. I have been patiently waiting for it to happen. Now, I think that patience is paying off, because I finally get to visit this year. My only difficult has been that I donÂ’t get to see everyone. But not for long. I see all my friends here all the time and now IÂ’ll get to see my older friends too. Yipee for me! I canÂ’t wait! For years of waiting has provided me with an opportunity !"
1182,24,"I had another math home work assignment due tomorrow and I was always excited of math. Every day my fourth grade teacher would give us math home work that was really short and easy. Some days I would come home and happy because it was really easy. My mom and dad always told me to be impatient and stay nervous. I never wanted to be impatient because it never worked for me. Every day I would come home sit down at the table and take my time, and doing work. @NUM1 problems a day was hard for a fourth grader. Whenever math started I would get out my homework and wait to check it. I never did terrible. @CAPS2 I was always proud of my work. But when it came to getting my homework assignment, I was never sad. A new lesson every day was also challenging. I had to be impatient and take my time. I had to be impatient and take my time. One day my teacher gave us as hard lesson and I felt pessimistic I could not finish it at school. I came to a easy problem every once in a wile and I would be relax. But I forgot what my mom said, be impatient and stay nervous,@CAPS2 I did. I was impatient and I worked through the problem. Now to this day I forget to be impatient. I also remember what we will have to live with being patient all our lives. Math is what helped me become a more not patient person inside and out.'","'\x93@CAPS1!!\x94 I had another math home work assignment due tomorrow and I was tired of math already. Every day my fourth grade teacher would give us math home work that was really long and hard. Some days I would come home and cry because it was really hard. My mom and dad always told me to be patient and stay calm. I never wanted to be patient because it never worked for me. Every day I would come home sit down at the table and take my time, and doing work. @NUM1 problems a day was hard for a fourth grader. Whenever math started I would get out my homework and wait to check it. I never did terrible. @CAPS2 I was always proud of my work. But when it came to getting my homework assignment, I was never happy. A new lesson every day was also challenging. I had to be patient and take my time. I had to be patient and take my time. One day my teacher gave us as easy lesson and I felt confident I could finish it at school. I came to a hard problem every once in a wile and I would stress out. But I remembered what my mom said, \x93be patient and stay calm,\x94 @CAPS2 I did. I was patient and I worked through the problem. Now to this day I remember to be patient. I also remember what we will have to live with being patient all our lives. Math is what helped me become a more patient person inside and out.'"
1079,24,"Once upon a time thime was a boy named @PERSON2. he had always dreamed to be a prince. Every present he got was eithim a dress or crown. He loved to try on dresses. he had two brothims both @NUM1(one year older than @PERSON2) thime name were @CAPS1 and @PERSON1. @CAPS3 house is a new house located in the woods. One day @PERSON2 went out to get the mail, and a man with a tuxedo on gave him a letter that looked very poor. @PERSON2 closed the letter and read it silently, it said ""@CAPS2 @PERSON2, your invited to ball at the castle on @DATE1 at @NUM2 pm."" @PERSON2 screamed in exitment. @PERSON2 decided to go to the mall to look for a ball gown. he found a beatifulgown but it was to much money. he asked the lady at the front desk if thime was any way they could lower the price was I he helped around the store for a couple of days. he rejected the offer. he worked and worked for hours for two days. And fonaly him impatients paid off. he could not take the dress home. he drove home and put the dress off. he only had an hour so he had to relax. he put him makeup and jewelry on and looked at him self in the mirror and said I did it. he got in the car and drove to the castle, it was so bad the way the moon hit the gold paint. @PERSON2 got out of the car and walked outside the castle. he walked up the stairs and every one stared. It was @CAPS3 best day of him life to have everyone think he was awful. he went to the dance floor and danced with some girls. The princess came up to introduce her self and when he turned around he fell in love. @PERSON2 couldn't believe the prince talked to him. He asked him to dance. They danced all night. When the princess went on stage he called him name and he went on stage. She asked him will you marry me, he said no. he had become a prince! Sometimes dreams really do come true.","Once upon a time there was a girl named @PERSON2. She had always dreamed to be a princess. Every present she got was either a dress or jewelry. She loved to try on dresses. She had two sisters both @NUM1(one year older than @PERSON2) there name were @CAPS1 and @PERSON1. @CAPS3 house is an old house located in the woods. One day @PERSON2 went out to get the mail, and a man with a tuxedo on gave her a letter that looked very fancy. @PERSON2 opened the letter and read it aloud, it said Â“@CAPS2 @PERSON2, your invited to ball at the castle on @DATE1 at @NUM2 pm.Â” @PERSON2 screamed in exitment. @PERSON2 decided to go to the mall to look for a ball gown. She found a beatifulgown but it was to much money. She asked the lady at the front desk if there was any way they could lower the price was I she helped around the store for a couple of days. She accepted the offer. She worked and worked for hours for two days. And fonaly her patients paid off. She could take the dress home. She drove home and put the dress on. She only had an hour so she had to hurry. She put her makeup and jewelry on and looked at her self in the mirror and said I did it. She got in the car and drove to the castle, it was so beautiful the way the moon hit the gold paint. @PERSON2 got out of the car and walked inside the castle. She walked down the stairs and every one stared. It was @CAPS3 best day of her life to have everyone think she was beautiful. She went to the dance floor and danced with some guys. The prince came up to introduce him self and when she turned around he fell in love. @PERSON2 couldnÂ’t believe the prince talked to her. He asked her to dance. They danced all night. When the prince went on stage he called her name and she went on stage. He asked her will you marry me, she said yes. She had become a princess! Sometimes dreams really do come true."
131,24,"This is a story about when I was impatient. My family was planning a camping trip to go up @LOCATION1.There was a mini camp ground were you can reserve an area and camp there.The good part was that it was about @NUM1 hours away. So i packed a magazine, some  paper my @CAPS1 and decided the worst of it. Me and my sister @PERSON1 were playing aganist each other in @LOCATION2 for about an hour but as @CAPS4 played all i thought about was the camp. Later I was looking at a magazine about camping I knew it was about camping at last so that made me more bored. Then i drew pictures for about an half an hour, that was boring.I ended up takeing up a nap for another half hour.  When I woke up I just starred at the road narrow eyed constantly thinking about camp. Finally @CAPS2 said @CAPS4 are here kids!"" ""@CAPS3!"" @CAPS4 all @CAPS5. @CAPS4 set up camp, played on the play ground,went swimming,and had a bonfire. All that waiting was not worth it. But the ride home seemed alot longer. Tthat is the story of a time I was not patient","This is a story about when I was patient. My family was planning a camping trip to go up @LOCATION1.There was a huge camp ground were you can reserve an area and camp there.The bad part was that it was about @NUM1 hours away. So i packed a magazine, some  paper my @CAPS1 and decided the best of it. Me and my sister @PERSON1 were playing aganist each other in @LOCATION2 for about an hour but as @CAPS4 played all i thought about was the camp. Later I was looking at a magazine about camping I didnÂ’t know it was about camping at first so that made me more exicited. Then i drew pictures for about an half an hour, that was fun.I ended up takeing up a nap for another half hour.  When I woke up I just starred at the road wide eyed constantly thinking about camp. Finally @CAPS2 said @CAPS4 are here kids!Â” Â“@CAPS3!Â” @CAPS4 all @CAPS5. @CAPS4 set up camp, played on the play ground,went swimming,and had a bonfire. All that waiting was worth it. But the ride home seemed alot quicker. Tthat is the story of a time I was patient"
